pdb_id,peptide_fasta,protein_fasta
1awr_CI,HAGPIA,VNPTVFFDIAVDGEPLGRVSFELFADKVPKTAENFRALSTGEKGFGYKGSCFHRIIPGFMCQGGDFTRHNGTGGKSIYGEKFEDENFILKHTGPGILSMANAGPNTNGSQFFICTAKTEWLDGKHVVFGKVKEGMNIVEAMERFGSRNGKTSKKITIADCGQLE
1czy_CE,XPQQATDD,AMADLEQKVLEMEASTYDGVFIWKISDFPRKRQEAVAGRIPAIFSPAFYTSRYGYKMCLRIYLNGDGTGRGTHLSLFFVVMKGPNDALLRWPFNQKVTLMLLDQNNREHVIDAFRPDVTSSSFQRPVNDMNIASGCPLFCPVSKMEAKNSYVRDDAIFIKAIVDLTGL
1eg4_AP,KNMTPYRSPPPYVPP,GPASQHFLSTSVQGPWERAISPNKVPYYINHETQTTCWDHPKMTELYQSLADLNNVRFSAYRTAMKLRRLQKALCLDLLSLSAACDALDQHNLKQNDQPMDILQIINCLTTIYDRLEQEHNNLVNVPLCVDMCLNWLLNVYDTGRTGRIRVLSFKTGIISLCKAHLEDKYRYLFKQVASSTGFCDQRRLGLLLHDSIQIPRQLGEVASFGGSNIEPSVRSCFQFANNKPEIEAALFLDWMRLEPQSMVWLPVLHRVAAAET
1elw_AC,GPTIEEVD,MEQVNELKEKGNKALSVGNIDDALQCYSEAIKLDPHNHVLYSNRSAAYAKKGDYQKAYEDGCKTVDLKPDWGKGYSRKAAALEFLNRFEEAKRTYEEGLKHEANNPQLKEGLQNMEAR
1er8_EI,HPFHLLVY,STGSATTTPIDSLDDAYITPVQIGTPAQTLNLDFDTGSSDLWVFSSETTASEVDGQTIYTPSKSTTAKLLSGATWSISYGDGSSSSGDVYTDTVSVGGLTVTGQAVESAKKVSSSFTEDSTIDGLLGLAFSTLNTVSPTQQKTFFDNAKASLDSPVFTADLGYHAPGTYNFGFIDTTAYTGSITYTAVSTKQGFWEWTSTGYAVGSGTFKSTSIDGIADTGTTLLYLPATVVSAYWAQVSGAKSSSSVGGYVFPCSATLPSFTFGVGSARIVIPGDYIDFGPISTGSSSCFGGIQSSAGIGINIFGDVALKAAFVVFNGATTPTLGFASK
1jd5_AB,AIAYFIPDQA,DVQPETCRPSAASGNYFPQYPEYAIETARLRTFEAWPRNLKQKPHQLAEAGFFYTGVGDRVRCFSCGGGLMDWNDNDEPWEQHALWLSQCRFVKLMKGQLYIDTVAAKPVLAEEKEESTSIGGD
1jwg_BD,SFHDDSDEDLLHI,MEPAMEPETLEARINRATNPLNKELDWASINGFCEQLNEDFEGPPLATRLLAHKIQSPQEWEAIQALTVLETCMKSCGKRFHDEVGKFRFLNELIKVVSPKYLGSRTSEKVKNKILELLYSWTVGLPEEVKIAEAYQMLKKQGIVKS
1mfg_AB,EYLGLDVPV,GSMEIRVRVEKDPELGFSISGGVGGRGNPFRPDDDGIFVTRVQPEGPASKLLQPGDKIIQANGYSFINIEHGQAVSLLKTFQNTVELIIVREVSS
1ntv_AB,NFDNPVYRKT,GQDRSEATLIKRFKGEGVRYKAKLIGIDEVSAARGDKLCQDSMMKLKGVVAGARSKGEHKQKIFLTISFGGIKIFDEKTGALQHHHAVHEISYIAKDITDHRAFGYVCGKEGNHRFVAIKTAQAAEPVILDLRDLFQLIYELKQREELEKKA
1nvr_AB,ASVSA,MAVPFVEDWDLVQTLGEGAYGEVQLAVNRVTEEAVAVKIVDMKRAVDCPENIKKEICINKMLNHENVVKFYGHRREGNIQYLFLEYCSGGELFDRIEPDIGMPEPDAQRFFHQLMAGVVYLHGIGITHRDIKPENLLLDERDNLKISDFGLATVFRYNNRERLLNKMCGTLPYVAPELLKRREFHAEPVDVWSCGIVLTAMLAGELPWDQPSDSCQEYSDWKEKKTYLNPWKKIDSAPLALLHKILVENPSARITIPDIKKDRWYNKPLKKGAKRPRVTSGGVSESPSG
1nx1_AC,DAIDALSSDFT,EEVRQFRRLFAQLAGDDMEVSATELMNILNKVVTRHPDLKTDGFGIDTCRSMVAVMDSDTTGKLGFEEFKYLWNNIKKWQAIYKQFDVDRSGTIGSSELPGAFEAAGFHLNEHLYSMIIRRYSDEGGNMDFDNFISCLVRLDAMFRAFKSLDKDGTGQIQVNIQEWLQLTMYS
1ou8_BD,GRHGAANDENY,MEYKSSPKRPYLLRAYYDWLVDNSFTPYLVVDATYLGVNVPVEYVKDGQIVLNLSASATGNLQLTNDFIQFNARFKGVSRELYIPMGAALAIYARENGDGVMFEPEEIYDE
1rxz_AB,KSTQATLERWF,MIDVIMTGELLKTVTRAIVALVSEARIHFLEKGLHSRAVDPANVAMVIVDIPKDSFEVYNIDEEKTIGVDMDRIFDISKSISTKDLVELIVEDESTLKVKFGSVEYKVALIDPSAIRKEPRIPELELPAKIVMDAGEFKKAIAAADKISDQVIFRSDKEGFRIEAKGDVDSIVFHMTETELIEFNGGEARSMFSVDYLKEFCKVAGSGDLLTIHLGTNYPVRLVFELVGGRAKVEYILAPRIESE
1ssh_AB,EGPPPAMPARPT,GSSPKAVALYSFAGEESGDLPFRKGDVITILKKSDSQNDWWTGRVNGREGIFPANYVELV
1u00_AP,ELPPVKIHC,MDVIPLSLGLETMGGLVEKVIPRNTTIPVARAQDFTTFKDGQTAMSIHVMQGERELVQDCRSLARFALRGIPALPAGGAHIRVTFQVDADGLLSVTAMEKSTGVEASIQVKPSYGLTDSEIASMIKDSMSYAEQDVKARMLAEQKVEAARVLESLHGALAADAALLSAAERQVIDDAAAHLSEVAQGDDVDAIEQAIKNVDKQTQDFAARRMDQSVRRALKGHSVDE
1x2r_AB,LDEETGEFL,TLHKPTQAVPCRAPKVGRLIYTAGGYFRQSLSYLEAYNPSNGSWLRLADLQVPRSGLAGCVVGGLLYAVGGRNNSPDGNTDSSALDCYNPMTNQWSPCASMSVPRNRIGVGVIDGHIYAVGGSHGCIHHSSVERYEPERDEWHLVAPMLTRRIGVGVAVLNRLLYAVGGFDGTNRLNSAECYYPERNEWRMITPMNTIRSGAGVCVLHNCIYAAGGYDGQDQLNSVERYDVETETWTFVAPMRHHRSALGITVHQGKIYVLGGYDGHTFLDSVECYDPDSDTWSEVTRMTSGRSGVGVAVTMEPCRKQIDQQNCTC
2a3i_AB,QQKSLLQQLLTE,RALTPSPVMVLENIEPEIVYAGYDSSKPDTAENLLSTLNRLAGKQMIQVVKWAKVLPGFKNLPLEDQITLIQYSWMSLSSFALSWRSYKHTNSQFLYFAPDLVFNEEKMHQSAMYELCQGMHQISLQFVRLQLTFEEYTIMKVLLLLSTIPKDGLKSQAAFEEMRTNYIKELRKMVTKCPNNSGQSWQRFYQLTKLLDSMHDLVSDLLEFCFYTFRESHALKVEFPAMLVEIISDQLPKVESGNAKPLYFHRK
2b9h_AC,RRNLKGLNLNLHPD,MPKRIVYNISSDFQLKSLLGEGAYGVVCSATHKPTGEIVAIKKIEPFDKPLFALRTLREIKILKHFKHENIITIFNIQRPDSFENFNEVYIIQELMQTDLHRVISTQMLSDDHIQYFIYQTLRAVKVLHGSNVIHRDLKPSNLLINSNCDLKVCDFGLARIIDESAADNSEPTGQQSGMVEFVATRWYRAPEVMLTSAKYSRAMDVWSCGCILAELFLRRPIFPGRDYRHQLLLIFGIIGTPHSDNDLRCIESPRAREYIKSLPMYPAAPLEKMFPRVNPKGIDLLQRMLVFDPAKRITAKEALEHPYLQTYHDPNDEPEGEPIPPSFFEFDHYKEALTTKDLKKLIWNEIFS
2c3i_BA,KRRRHPSG,MLLSKINSLAHLRAAPCNDLHATKLAPGKEKEPLESQYQVGPLLGSGGFGSVYSGIRVSDNLPVAIKHVEKDRISDWGELPNGTRVPMEVVLLKKVSSGFSGVIRLLDWFERPDSFVLILERPEPVQDLFDFITERGALQEELARSFFWQVLEAVRHCHNCGVLHRDIKDENILIDLNRGELKLIDFGSGALLKDTVYTDFDGTRVYSPPEWIRYHRYHGRSAAVWSLGILLYDMVCGDIPFEHDEEIIGGQVFFRQRVSSECQHLIRWCLALRPSDRPTFEEIQNHPWMQDVLLPQETAEIHLHSLSPGPSK
2cch_DF,HTLKGRRLVFDN,NEVPDYHEDIHTYLREMEVKCKPKVGYMKKQPDITNSMRAILVDWLVEVGEEYKLQNETLHLAVNYIDRFLSSMSVLRGKLQLVGTAAMLLASKFEEIYPPEVAEFVYITDDTYTKKQVLRMEHLVLKVLTFDLAAPTVNQFLTQYFLHQQPANCKVESLAMFLGELSLIDADPYLKYLPSVIAGAAFHLALYTVTGQSWPESLIRKTGYTLESLKPCLMDLHQTYLKAPQHAQQSIREKYKNSKYHGVSLLNPPETLNL
2ds8_BP,APALRVVK,TDKRKDGSGKLLYCSFCGKSQHEVRKLIAGPSVYICDECVDLCNDIIREEI
2fmf_AB,ASQDQVDDLLDSLGF,MADKELKFLVVDDFSTMRRIVRNLLKELGFNNVEEAEDGVDALNKLQAGGFGFIISDWNMPNMDGLELLKTIRADSAMSALPVLMVTAEAKKENIIAAAQAGASGYVVKPFTAATLEEKLNKIFEKLGM
2h9m_CD,ARTKQTARKST,GSTQSKPTPVKPNYALKFTLAGHTKAVSSVKFSPNGEWLASSSADKLIKIWGAYDGKFEKTISGHKLGISDVAWSSDSNLLVSASDDKTLKIWDVSSGKCLKTLKGHSNYVFCCNFNPQSNLIVSGSFDESVRIWDVKTGKCLKTLPAHSDPVSAVHFNRDGSLIVSSSYDGLCRIWDTASGQCLKTLIDDDNPPVSFVKFSPNGKYILAATLDNTLKLWDYSKGKCLKTYTGHKNEKYCIFANFSVTGGKWIVSGSEDNLVYIWNLQTKEIVQKLQGHTDVVISTACHPTENIIASAALENDKTIKLWKSDC
2hpl_AB,DDLYG,SASPAVAELCQNTPETFLEASKLLLTYADNILRNPSDEKYRSIRIGNTAFSTRLLPVRGAVECLFEMGFEEGETHLIFPKKASVEQLQKIRDLIAIERSS
2o02_AP,GHGQGLLDALDLAS,MDKNELVQKAKLAEQAERYDDMAACMKSVTEQGAELSNEERNLLSVAYKNVVGARRSSWRVVSSIEQKTEGAEKKQQMAREYREKIETELRDICNDVLSLLEKFLIPNASQAESKVFYLKMKGDYYRYLAEVAAGDDKKGIVDQSQQAYQEAFEISKKEMQPTHPIRLGLALNFSVFYYEILNSPEKACSLAKTAFDEAIAELDTLSEESYKDSTLIMQLLRDNLTLWTS
3d1e_AP,TLMTGQLGLF,MKFTVEREHLLKPLQQVSGPLGGRPTLPILGNLLLQVADGTLSLTGTDLEMEMVARVALVQPHEPGATTVPARKFFDICRGLPEGAEIAVQLEGERMLVRSGRSRFSLSTLPAADFPNLDDWQSEVEFTLPQATMKRLIEATQFSMAHQDVRYYLNGMLFETEGEELRTVATDGHRLAVCSMPIGQSLPSHSVIVPRKGVIELMRMLDGGDNPLRVQIGSNNIRAHVGDFIFTSKLVDGRFPDYRRVLPKNPDKHLEAGCDLLKQAFARAAILSNEKFRGVRLYVSENQLKITANNPEQEEAEEILDVTYSGAEMEIGFNVSYVLDVLNALKCENVRMMLTDSVSSVQIEDAASQSAAYVVMPMRL
